iOS,iOS 17
iOS,iOS 17
iOS,iOS 17
iOS,iOS 17
iOS,iOS 17
iOS,iOS 17
iOS,iOS 17
iOS,iOS 17
iOS,iOS 17
iOS,iOS 17
iOS,iOS 16
iOS,iOS 16
iOS,iOS 16
iOS,iOS 16
iOS,iOS 16
iOS,iOS 16
iOS,iOS 16
iOS,iOS 16
iOS,iOS 16
iOS,iOS 16
iOS,iOS 16
iOS,iOS 16
iOS,iOS 16
iOS,iOS 16
iOS,iOS 16
iOS,iOS 16
iOS,iOS 16
iOS,iOS 16
iOS,iOS 16
iOS,iOS 16
iOS,iOS 16
iOS,iOS 16
iOS,iOS 16
iOS,iOS 16
iOS,iOS 16
iOS,iOS 16
iOS,iOS 16
iOS,iOS 16
iOS,iOS 16
iOS,iOS 16
iOS,iOS 16
iOS,iOS 16
iOS,iOS 16
iOS,iOS 16
iOS,iOS 17
iOS,iOS 17
iOS,iOS 17
iOS,iOS 17
iOS,iOS 17
iOS,iOS 17
Android,Android 13.x
Android,Android 13.x
iOS,iOS 15
iOS,iOS 15
iOS,iOS 15
iOS,iOS 15
iOS,iOS 15
iOS,iOS 15
iOS,iOS 15
iOS,iOS 15
iOS,iOS 15
iOS,iOS 15
iOS,iOS 15
iOS,iOS 15
iOS,iOS 17
iOS,iOS 17
iOS,iOS 17
iOS,iOS 17
iOS,iOS 17
iOS,iOS 17
iOS,iOS 17
iOS,iOS 17
iOS,iOS 17
iOS,iOS 17
iOS,iOS 17
iOS,iOS 17
iOS,iOS 17
iOS,iOS 17
iOS,iOS 17
iOS,iOS 17
iOS,iOS 17
iOS,iOS 17
iOS,iOS 17
iOS,iOS 17
iOS,iOS 17
iOS,iOS 17
iOS,iOS 17
iOS,iOS 17
iOS,iOS 17
iOS,iOS 17
iOS,iOS 14
iOS,iOS 14
iOS,iOS 14
iOS,iOS 14
Android,Android MUIU 14
Android,Android MUIU 14
Android,Android MUIU 14
Android,Android MUIU 14
Android,Android MUIU 14
Android,Android MUIU 14
